login,password,adress1,adress2,pass1,arrive,depart
Johnny,Silva,9 Island Ave,Miami Beach,Johnny Silva,Sydney,London
Charles,Lee,Balistreri Street,Hilpertmouth,Charles Lee,Portland,Denver
Robert,Patrick,800 Bayshore Rd,Cocoa,Robert Patrick,Zurich,Paris
William,Woods,440 Parker Farm Rd,Nokomis,William Woods,Seattle,Zurich
James,Norman,13473 E Rena Dr,Largo,James Norman,Paris,London
Oscar,Spencer,440 Honey Hill Rd,Wewahitchka,Oscar Spencer,London,Portland
Edward,Anderson,409 Evergreen Dr,Oldsmar,Edward Anderson,Portland,Sydney
Thomas,Adkins,440 SW 113th Ter,Hollywood,Thomas Adkins,Denver,Seattle
Willie,Williams,9 E Marion St,Chattahoochee,Willie Williams,Seattle,Denver
Evelyn,Thomas,441 Honey Hill Rd,Wewahitchka,Evelyn Thomas,Sydney,Portland